zone_id,temperature,wind_speed,pressure,fish_density,risk_level
zone4,30.61095761430866,30.31844539468635,1010.0517630992169,Medium,SAFE
zone5,28.042007683265517,5.144396269630281,1003.4408188382492,High,SAFE
zone3,29.363905942589927,22.670502658692588,1004.6744316846232,High,SAFE
zone5,27.379466486813087,28.89630795623437,1008.4738764782267,Low,SAFE
zone5,28.648332704976884,20.822839892754242,1006.9524389892035,Medium,WARNING
zone2,27.739713891264632,30.654803750653514,1009.0651434850728,High,SAFE
zone3,28.193991929985437,14.827115498996278,1010.2832496244855,High,SAFE
zone3,29.190314050873827,34.0934744018558,1012.6484637717837,Low,WARNING
zone3,26.363558633533057,42.9889812361925,1009.6475061097045,High,DANGER
zone5,32.18477455137092,16.37161439560341,1012.432508219131,High,WARNING
zone4,25.987965237000594,15.54497478599228,1010.3223720740506,Medium,SAFE
zone3,25.571622774424537,34.53384477117701,1000.1226671682307,Low,WARNING
zone5,30.316221747000135,35.795721457307124,1005.3033230309062,Low,DANGER
zone2,29.58332538792587,14.771399728467317,1009.2795622213919,High,SAFE
zone4,29.24823963410431,15.798131829041427,1003.9515262857944,Low,SAFE
zone2,29.25669101852856,17.182153911394927,1012.9996436499811,Medium,DANGER
zone4,27.97550645430617,6.555494889657229,1017.6537541617184,High,SAFE
zone5,26.20549125702834,10.813480535158018,1016.0938092584865,High,SAFE
zone1,28.15160911638745,9.958592332479322,1008.932785645349,High,SAFE
zone4,26.645676576975777,12.322024348958715,1017.4536306842498,High,SAFE
zone2,29.9502394668355,19.653151126132187,1010.7433372860105,Medium,WARNING
zone5,27.705885236995723,22.342147325365207,1008.3145701444098,Low,WARNING
zone4,26.349005606414977,35.50500492814077,1006.9329866822953,Low,DANGER
zone1,27.357228316694012,10.01645959261209,1008.4876515675594,High,SAFE
zone1,28.825862908551247,29.843223984765835,1008.0591159072939,Medium,DANGER
zone3,26.87255089439205,17.86011155774491,1010.8520811118774,Medium,SAFE
zone3,26.355559208867138,19.50536290347567,1010.8028699052493,Medium,WARNING
zone2,28.487374422983823,26.748194921666038,1010.0152301007671,Low,WARNING
zone4,28.489933142217446,8.772779784377015,1012.1846908487317,High,SAFE
zone4,26.98611364925774,23.824097461840505,1015.9532313739317,High,SAFE
zone3,27.057923388763353,21.66452208213056,1014.7477706772066,High,WARNING
zone4,28.464099874715274,24.924512640081492,1002.5755101577505,Low,WARNING
zone4,25.10383131700535,22.891686439078182,997.2303943254902,Low,WARNING
zone1,25.18507245124689,44.55300139910894,1014.6715995561964,Medium,DANGER
zone3,26.563111557495127,13.62260015748684,1003.1656065079229,High,SAFE
zone5,27.573105696576306,14.690030449981823,1008.8761729905366,High,SAFE
zone3,28.62181513119601,13.768594735752355,1004.1494348697032,High,SAFE
zone5,30.950712433899103,14.445228808397452,1000.9900978120999,High,SAFE
zone1,29.71531924640404,13.626128726934823,1012.7073136410239,High,SAFE
zone2,27.680122940073147,31.890165311075517,1013.7957758015133,Low,DANGER
zone4,27.96196758419462,34.20504247989855,1007.1174479963664,Medium,WARNING
zone1,25.994941270724382,14.292537062505238,997.0447885392755,High,SAFE
zone4,27.96297372801522,11.676444268957713,1007.2687777587375,High,SAFE
zone2,27.422682722159724,24.71415556386404,1011.9590200270127,High,SAFE
zone2,28.645437120676178,14.477769557190287,1002.6054421561294,High,SAFE
zone1,26.345538112895355,26.32931817755511,1010.9167995988958,Low,SAFE
zone2,29.038693028482346,22.029230208513,1009.923450754135,Low,WARNING
zone5,31.065477826005157,4.842558850027681,1012.8964574980055,High,SAFE
zone2,27.782479703086285,35.47505201330061,1010.5979018420708,Low,DANGER
zone4,28.803423444197882,37.95877673095522,1005.1346552955922,High,DANGER
zone4,29.380287983422225,13.872113095156138,1015.9828575083225,High,SAFE
zone4,27.19755905622833,16.12298440064016,1009.2073521348651,Medium,DANGER
zone4,28.448184963620832,22.85865390724905,1009.8634773024503,High,SAFE
zone5,28.02518480156359,23.34456789987025,1005.333660204634,High,WARNING
zone3,28.195352197097662,26.585442726728303,1007.7835887440425,Medium,DANGER
zone1,26.453980432289068,40.102045387663495,1005.5759864298655,High,DANGER
zone4,28.049020348517885,18.230527725059506,1009.1352697003829,Low,SAFE
zone2,28.9959965824909,12.017027554615463,1018.5585424007118,High,SAFE
zone4,30.902287215590082,6.206807719854728,1003.1404942853433,High,SAFE
zone2,29.918541652170415,12.69069960058081,1001.9321930106163,High,SAFE
zone2,32.30636491502311,19.668730271262028,1017.355851637468,High,WARNING
zone4,26.4653048742239,37.94557863517788,1008.9533816142407,Medium,DANGER
zone5,29.744641273441356,14.823887009638286,1006.6546363067005,High,SAFE
zone2,28.366684011476703,22.237879516388986,1015.1995234369804,Medium,SAFE
zone2,32.37960586643534,19.83577103927248,1006.9719223013157,Low,WARNING
zone4,26.383403429289697,31.88393273448084,1019.1300485677347,Medium,DANGER
zone2,26.32055631563845,45.26932425873622,1013.3896293566963,Low,DANGER
zone2,26.801214709111957,14.691312270796793,1007.5604429592715,High,SAFE
zone4,23.752208551380384,15.10560557481778,1020.7865410663276,Low,SAFE
zone4,26.94848995663848,30.44160877069072,1006.9714253849833,High,DANGER
zone1,26.481734676892604,26.818914896263113,1013.7104768600466,High,WARNING
zone5,28.300787572952416,38.46707325736034,1011.4964629020325,Medium,DANGER
zone5,28.68351195155432,25.83928185325964,1016.508706446994,Medium,SAFE
zone2,31.752341678431772,16.407079092129404,1017.8075559836343,Medium,WARNING
zone5,29.900847676372102,25.906548306923092,1010.1600207453288,Medium,DANGER
zone2,26.846192688675195,31.08703580582908,1006.2329106482691,Low,SAFE
zone1,26.203170657303286,28.20482181197364,1012.2998607146956,Low,SAFE
zone4,28.983838343013012,25.072740311072977,1006.6114231512395,Low,DANGER
zone4,25.359533585958715,30.66674689589154,1020.0669362376332,High,DANGER
zone4,31.662917531708707,31.692955904456728,1010.6826766554137,Low,DANGER
zone5,30.358880241442574,33.82158991037527,1008.1733922434395,Low,SAFE
zone1,27.06164869579059,26.48709887589643,1010.9234015293246,Low,DANGER
zone5,24.573730941818244,18.328819196831457,1003.2643685523515,Medium,SAFE
zone5,30.707744748330825,21.467136864333227,1005.1419298074468,Low,DANGER
zone1,27.770920309494763,32.06508966508357,1016.0020695397221,High,SAFE
zone1,30.47563262394692,11.83064329012764,1006.715528605143,High,SAFE
zone1,24.811144682411268,23.686733088729014,1004.7654450865903,High,WARNING
zone1,26.801249954092455,16.066611876726395,1012.6832637626364,Low,DANGER
zone4,28.010487399436368,20.287448229348175,1015.928520773315,Medium,DANGER
zone3,28.093961187529484,32.78451862607299,1013.5947665533254,High,SAFE
zone3,27.099869057041513,21.910990680199035,1014.9802384290291,Low,SAFE
zone1,29.245699864695,20.464365481561487,1006.2160245571527,High,SAFE
zone3,25.86475914123481,6.401438590200808,1002.8909466662908,High,SAFE
zone3,27.71524102995741,27.46253566027221,1017.5066682597775,High,WARNING
zone1,28.2405912634238,26.454841811410752,1008.3866008057893,Low,SAFE
zone3,29.0288776681175,41.6325472330546,1008.7458349177248,Low,DANGER
zone5,29.42322975617778,16.922217650469992,1016.6409707092453,High,DANGER
zone2,25.750715816324263,22.191503276639388,1012.7811500470033,Medium,WARNING
zone2,24.931771658528756,22.49383683710755,1012.279438860408,Medium,WARNING
zone1,30.55535364379702,35.77453279763475,1020.8250117245054,Low,DANGER
zone4,28.66462802395918,19.04704467613048,1006.7824088480993,Low,DANGER
zone1,26.503026926886893,22.79021525770339,1014.6392006404062,Low,SAFE
zone4,31.102303951045045,26.078965097165394,1010.2850656244855,Low,WARNING
zone2,28.231349268585717,21.86609123156358,1011.3429613943163,Low,DANGER
zone1,30.358594368127655,15.535663854494718,1017.6423421320627,Medium,DANGER
zone5,28.13503696282022,21.940899928983075,1012.5391787814481,Low,WARNING
zone3,32.121495849763974,30.73631749859772,1012.6914803952482,High,SAFE
zone4,31.510681684886407,9.734847005889398,1015.362536686549,High,SAFE
zone3,27.502071703041853,21.32969674146876,1008.1752363522855,Medium,DANGER
zone3,29.94314190190871,12.998791850608267,1005.8039516633049,High,SAFE
zone1,29.290751899170296,31.950466289248425,1004.7759540298948,Medium,DANGER
zone3,30.737263115064696,4.768130952162252,1000.16821705312,High,SAFE
zone5,26.07015307883979,14.410781527284117,1020.2810356497016,High,SAFE
zone3,29.372102919996877,23.77211875064521,1004.4839581713916,Low,WARNING
zone1,30.116848973699177,35.65524029234341,1008.8937318820712,High,DANGER
zone5,24.482521027153773,19.34249738927012,1008.6159335005553,High,WARNING
zone2,25.63348297466845,14.448004733068016,1011.5370334890455,High,SAFE
zone3,23.9215356444798,38.8115706944059,1014.0786860626965,High,DANGER
zone1,27.461186331110884,5.5198609958375595,1014.3023674417988,High,SAFE
zone2,29.435084511591924,-1.9880595662008176,1007.0846128071553,High,SAFE
zone2,31.004714104192058,24.400144500533322,1009.164391431068,Low,SAFE
zone4,28.14818956083955,14.979457756473888,1011.4128997524415,High,SAFE
zone5,31.257231091142582,9.787671828692869,1008.7565443690822,High,SAFE
zone3,25.239797083570217,27.083564472993533,1018.0367278801,Medium,DANGER
zone1,24.59323512128969,22.43800713771199,1012.4548747581913,Low,DANGER
zone4,27.88890460220676,14.359213692632716,1013.674388930249,High,SAFE
zone5,28.768130897878613,7.1969560132910555,1013.314406343337,High,SAFE
zone4,27.934610503811815,28.724573282801448,1015.8673692874266,Low,SAFE
zone5,23.865115799920247,26.50201177958661,1010.9051077935185,Low,DANGER
zone5,27.821759920974422,19.00824136220617,1003.5158402602208,Medium,WARNING
zone3,25.391060998990294,38.466369960476655,1011.9984397587632,Low,DANGER
zone5,29.339345097660075,9.299152336738475,1006.7432155310408,High,SAFE
zone4,28.733196492193695,4.744748290752611,1007.3569165912512,High,SAFE
zone5,26.12024042734529,13.080919301187556,1012.9318200937755,High,SAFE
zone3,26.972266165326612,19.544139836445023,1016.1914153571681,High,SAFE
zone3,25.881572956222097,22.433394493226917,1010.1063578836803,Low,WARNING
zone4,27.874641805453656,17.587639421436702,1011.5441650629948,High,WARNING
zone2,29.910284641002477,23.520553965142966,1018.5110747231762,Medium,WARNING
zone2,26.028547907328914,7.48460575809556,1011.2037658974428,High,SAFE
zone5,29.00809303103569,34.437646040732595,1023.008415570902,High,WARNING
zone1,26.93948476325512,19.178488216074314,1012.8275482281578,Medium,SAFE
zone5,26.414254335475313,31.172958315881274,1001.1961862042209,High,SAFE
zone4,27.785939280090883,23.427253463777042,1013.7667081055226,High,DANGER
zone4,25.92951535516125,24.56753219153784,1011.9057919244138,Medium,WARNING
zone4,26.892701389305635,25.69767280232204,1016.4487637704137,High,SAFE
zone4,25.6042442148223,24.477085600173147,1013.3659067563498,Low,WARNING
zone4,31.929450265832777,26.42722759867544,1009.3077200800811,Low,WARNING
zone3,28.07052710394346,33.29152530132431,1003.8785088185532,Medium,DANGER
zone2,26.60054898401483,21.965211697014702,1008.9548837135699,Medium,WARNING
zone4,28.427959821468445,27.090037575885123,1005.7473977289535,High,DANGER
zone1,27.775343900618342,19.102643057127732,1007.0973827509764,High,SAFE
zone1,27.558060800933553,34.40117215449473,1012.942892022103,High,WARNING
zone1,29.22833340008685,13.236076979407303,1018.3495225217571,High,SAFE
zone1,29.51501542009461,38.00940432910816,1011.9733576491149,Low,DANGER
zone3,26.938997704778945,19.598420493556567,1004.0205846898241,Low,SAFE
zone1,26.84836351871064,5.692248978819519,1012.2230133411007,High,SAFE
zone4,27.44989660569671,21.281044149107892,1015.9831574332283,High,WARNING
zone5,23.39615767052883,13.189483425251192,1006.9510854784031,High,SAFE
zone1,24.969617875602896,28.40643548988724,1009.3299141666354,Medium,WARNING
zone3,30.73374853488905,13.473760206976092,1010.073440973646,High,SAFE
zone3,31.28993542700257,15.538165667852203,1006.0755084345888,High,WARNING
zone1,27.501927920887244,1.104592690544692,1013.2414021692193,High,SAFE
zone5,29.153113926111534,15.476936807509233,1009.3952592569611,High,WARNING
zone1,28.622500309087073,-4.238793266289566,1012.0976622195351,High,SAFE
zone3,34.15776161691048,4.160971765142767,1005.5625391109895,High,SAFE
zone2,30.23914982286915,27.604146561442974,1007.8127084983829,High,DANGER
zone4,27.744164817038467,27.858001586508323,1013.6119067891389,Medium,WARNING
zone3,26.088919118799147,24.254575617849646,1008.1358342395412,High,DANGER
zone1,24.787107359484857,10.33023856870787,1018.634819256167,High,SAFE
zone4,28.406927271734446,19.5228864385802,1008.001819071927,Low,WARNING
zone1,26.487298509431394,19.963974609094315,1011.1234236287594,Low,SAFE
zone1,25.15549258080465,8.416353108074572,1014.6629541593654,High,SAFE
zone2,26.706854231514946,35.0339830176715,1002.9081713353348,Medium,DANGER
zone4,25.83690399277121,28.773622905756714,1001.1959559400962,Medium,SAFE
zone4,31.374283270145128,17.79035826170336,1002.3717184271495,High,SAFE
zone2,29.7632795138989,20.268858389945308,1016.3129205171359,Low,DANGER
zone3,27.984054717366764,22.083828079475524,1007.2407092705378,Medium,SAFE
zone1,30.959888277780053,-0.4173486842429064,1022.7909964283413,High,SAFE
zone5,28.154736615295235,17.528226174794032,1007.1787620067131,High,DANGER
zone1,26.277431597343472,13.180157520022014,1010.9227565159852,High,SAFE
zone1,31.046248154539313,9.983799901050844,1017.7105497628394,High,SAFE
zone3,29.077820087369318,17.188997071140452,1020.0304644407956,High,SAFE
zone1,25.925507691347086,37.976865268495224,1020.307517883182,Low,DANGER
zone2,27.619322643832785,26.4084286126701,1016.0418311529658,Low,DANGER
zone2,26.248763493230484,14.288210102172032,1015.1203126290574,High,SAFE
zone4,25.234400538071327,25.725827813561587,1012.962634746006,High,WARNING
zone5,29.85235509506328,33.99355436586002,1013.8918053808331,Low,SAFE
zone1,31.81883328094026,29.24633682912769,1007.2440714183573,High,DANGER
zone1,25.202864852361717,20.59630369920174,1005.9090055828884,Low,SAFE
zone3,29.12593847338114,13.530632222944261,1009.9831277129452,High,SAFE
zone2,26.698714861756347,26.9822331361359,1009.1490768873754,Low,WARNING
zone5,27.02574923247061,23.934853854217497,1007.7338597533636,Medium,DANGER
zone4,26.81521215152226,28.951932200277323,1013.4819372372835,Low,DANGER
zone2,26.272018460640368,26.351718016819696,1014.7765260428525,Low,DANGER
zone4,28.097043255889655,30.49552715319335,1010.4420344314592,High,WARNING
zone3,26.338099767177923,14.64764788439432,1017.3876504052763,High,SAFE
zone3,28.540913651559677,33.173940656343255,1004.2915544293325,Low,WARNING
zone1,27.899523781101728,21.975996046923996,1009.0317027036014,Medium,WARNING
zone5,27.52210390626718,40.75260872625265,1006.415888396986,Medium,DANGER
zone4,26.184872675916804,13.108121819104321,1000.6673169146347,High,SAFE
zone2,26.846457338863335,37.359638031652494,1009.5865965707865,Medium,DANGER
zone3,29.51078245165151,21.97910783462648,1009.3912624580836,Low,DANGER
zone1,29.001834375248762,13.485819963855516,1017.5672487162107,High,SAFE
zone1,26.044889510402896,15.161141659456785,1013.1540584227739,Low,WARNING
zone4,28.19866461085845,16.7965269180568,1004.879065878354,High,SAFE
zone3,29.502774246743577,24.241659464019165,1019.2704628316709,High,DANGER
zone5,24.66118943775726,25.228354880354996,1016.1051684776268,High,DANGER
zone3,29.08672038475987,14.26299996061421,1012.9104885173431,High,SAFE
zone4,26.674752482108307,19.75645407739017,1008.8675795057509,Medium,WARNING
zone4,29.14119733718632,41.42270358611864,1005.2028038163826,Low,DANGER
zone3,26.473481686914965,37.275431701007115,1008.1389661196447,Low,DANGER
zone4,24.39023579867096,24.363236696740323,1015.4437430985209,Low,SAFE
zone3,24.744915124233675,20.380034781682003,1019.4229315296731,High,WARNING
zone2,28.096169893322763,21.20031326718261,1017.7162176413609,Medium,WARNING
zone3,28.519445003442964,26.135179727304166,1007.5557528910687,Low,DANGER
zone3,26.191366749791182,9.772074348015945,1004.4019128335549,High,SAFE
zone4,29.27718491755475,17.426234625766547,1010.7044312345561,High,SAFE
zone4,24.67695987546208,3.3141592612241055,1001.1578031721857,High,SAFE
zone1,27.867840402705365,23.992231226052795,1011.6158385709239,Medium,DANGER
zone1,25.577967600475088,26.471959397027412,1009.2619870685066,High,SAFE
zone2,26.69632778439568,15.16813537700626,1007.6698174906588,Medium,DANGER
zone1,28.094797342632827,35.73986763290033,1002.026484663666,Low,DANGER
zone3,26.279173269432096,7.742343369976588,1012.5680005328486,High,SAFE
zone4,27.23088891154035,5.356251197901798,1007.3364958016905,High,SAFE
zone1,30.01258561842888,22.24451818559972,1004.1504158214485,High,WARNING
zone1,26.846216260953703,30.470983026121544,995.6386889335918,High,SAFE
zone2,29.671384224130282,36.83927691457869,1009.8624254747468,Medium,DANGER
zone2,25.740586290684764,15.4111573713106,1018.8612579833488,Medium,WARNING
zone3,29.059608355830566,30.78680833431296,1018.3062960727393,Medium,SAFE
zone4,30.8831372413158,19.614915304992927,1007.7145187170686,High,WARNING
zone2,23.05671099974542,18.273727000591805,1006.9889396981911,Low,DANGER
zone1,26.406209489059048,28.836599374866722,1012.3438712803751,Low,DANGER
zone4,29.15414425436108,26.523228784134197,1005.0080728040585,Medium,SAFE
zone4,27.593909227914015,4.236078430157505,1011.5089594990974,High,SAFE
zone1,28.742291746742616,34.76540349725896,1013.8304013919235,Low,WARNING
zone2,26.792029626568358,33.800913541474515,1016.1346661194216,Low,DANGER
zone1,28.1731795749458,13.744372984904706,1009.4992296176002,High,SAFE
zone4,27.68864552921584,23.95803533437409,1008.9816312491151,Medium,WARNING
zone5,30.335564123319614,24.94030186282739,1005.6100870662171,Low,SAFE
zone5,28.508841686602427,22.60673765823907,1005.8655982298008,High,DANGER
zone3,28.675205324150404,14.496948461545799,1008.8676055404924,High,SAFE
zone1,27.176246067755066,13.283766320619485,1011.8368275340808,High,SAFE
zone1,27.024787551855013,19.744459290085548,1014.5679231311663,Low,DANGER
zone3,27.134883624360757,31.727290192593646,1005.9841052465982,Low,SAFE
zone3,28.788904284756594,25.436001545944322,1017.4634428447976,Low,SAFE
zone3,27.158031038359475,16.29385667913894,1008.6443819947872,High,WARNING
zone4,28.579549713792826,27.716987106483447,1009.8931635282578,Low,SAFE
zone1,32.15080159729088,-8.485426206300755,1006.2639416042609,High,SAFE
zone4,29.742249406863383,31.487657003721033,997.8787986986353,High,DANGER
zone3,27.347952935664317,2.602862212219005,1014.4202269818053,High,SAFE
zone1,30.40242784432789,16.375590585968677,1013.6842194854622,High,WARNING
zone4,27.183849253956897,8.803301053738561,1008.5933622144089,High,SAFE
zone4,23.923750929644292,7.053185242790942,1010.3349535861244,High,SAFE
zone3,25.98382737816519,31.608267873785195,1012.5796960885204,Medium,SAFE
zone1,24.25841615794829,15.322987986881087,1002.1872707155673,Low,SAFE
zone3,27.296973031917382,23.465038817307157,1007.3547366132685,Low,DANGER
zone1,28.036836758379103,19.53079421120816,1013.9713233981091,Low,SAFE
zone5,31.352874624550566,24.770408272231215,1003.7285528841537,Low,DANGER
zone2,28.653854747528325,20.768218910602553,1011.4677896608331,Low,SAFE
zone2,27.56179894238227,7.170077758114303,1003.217090976883,High,SAFE
zone2,29.658811162366977,29.962668194471398,1012.3321499121677,Low,DANGER
zone3,23.57772938198423,15.062434168386876,1009.8217925885126,Low,DANGER
zone5,28.47122911621713,4.43418101340249,1001.9243409204724,High,SAFE
zone1,29.541730387773935,15.718848390340874,1015.8236967722859,High,DANGER
zone4,25.04282750844032,35.00759790634311,1006.3270421160098,High,DANGER
zone1,30.287508086413858,28.50221742113493,1005.9487378149281,High,WARNING
zone4,28.67699281498883,16.513478655921407,1011.0028459861547,High,WARNING
zone1,27.169424172198397,16.507422956815713,1015.7431867471436,High,SAFE
zone5,29.26556373221257,16.783649487826175,1004.920890905108,Low,WARNING
zone4,32.54138571560879,40.76747983560841,1010.3083992492399,Low,DANGER
zone3,28.36373251011699,23.819354522315535,1012.1440825016529,Medium,SAFE
zone1,28.496441172600672,24.300416471910697,1013.4655280363157,Low,SAFE
zone1,27.081278200919513,30.302834540318422,1010.8822077763862,Low,DANGER
zone4,26.300311261070416,22.387891590265134,1008.1648608045834,High,WARNING
zone3,29.66067163308849,17.409578541792968,1005.8620488967564,High,SAFE
zone3,26.287832348182267,18.036501509150217,1010.4307194152319,Low,WARNING
zone5,28.143132474438787,19.28398740585936,1004.639304940072,Medium,SAFE
zone3,27.044685106469768,19.627777634901584,995.393247582527,High,WARNING
zone3,28.957959651492782,27.2762954363698,1012.1827990207884,Low,WARNING
zone3,28.667324210573895,20.519458858072994,1014.519674205431,Low,SAFE
zone2,30.0750798885158,27.326400772155793,998.1853378222908,Medium,DANGER
zone5,26.979967202290506,19.192834198914177,1004.9513464764503,Medium,WARNING
zone1,27.460250129413257,20.786351903160906,1013.095771305026,High,DANGER
zone4,26.042472568435386,0.017993154678922707,1020.2874773485585,High,SAFE
zone1,27.111413479847776,29.163276747024817,1010.103968538377,Low,SAFE
zone5,28.754600986089706,23.464884758979927,1006.3599852938544,Low,SAFE
zone4,29.513977233290703,29.98010109859652,1009.0855177944758,Medium,SAFE
zone5,26.15566935164475,-8.962553781936894,1016.8743820957409,High,SAFE
zone3,29.739211840211322,40.883747047807276,1006.7701791043773,Medium,DANGER
zone4,30.7112757176099,18.60410371844826,1006.0040399667487,Medium,SAFE
zone3,28.8268698064474,31.081828167375164,1007.5862823890899,High,WARNING
zone1,31.753591625116133,9.60094072874469,1005.2333569587064,High,SAFE
zone1,26.452421601792853,26.127739050625696,1010.6133515799739,High,SAFE
zone4,25.510690593377166,9.465844368263438,1018.1233922923478,High,SAFE
zone4,24.442559502191443,13.762310393041949,1011.6153963655802,High,SAFE
zone5,30.992088622978365,39.14031353866786,1008.7382324893686,High,DANGER
zone5,29.308731312708115,18.093175992366533,1008.5409436554223,Medium,DANGER
zone3,27.88883065817909,22.174328731797228,1002.1840459565167,Low,DANGER
zone4,28.559937252639642,28.700677306887542,1014.4155488857358,Low,SAFE
zone1,25.749021905403247,24.956818879726047,1009.610814014936,Low,DANGER
zone5,32.89150395923365,21.504189051435766,1009.0976004320469,Medium,WARNING
zone5,28.258442363950454,23.649610024662255,1025.9655378392242,Medium,DANGER
zone1,28.218789589209784,44.03415585238275,1011.4937645418285,High,DANGER
zone5,29.451533247797386,19.423812029664145,1006.2410447495241,Low,SAFE
zone3,28.962018463473427,22.010990467149675,1007.8682120189723,Medium,DANGER
zone4,28.447768048558263,30.506543960076122,1015.7422285459837,Low,DANGER
zone1,26.419051089109377,31.05525932957984,1010.5663520526888,Low,DANGER
zone4,28.94293671427199,31.870303055603802,1002.8086101084132,High,DANGER
zone5,31.764048992950066,26.387302220291847,1014.596144672876,High,WARNING
zone5,30.690840092309955,8.569950872695165,1006.6592795723051,High,SAFE
zone1,31.186373253278795,36.334315323010955,1019.3664888810878,High,DANGER
zone3,26.97756864713763,8.53654606981312,1015.4002403285732,High,SAFE
zone2,26.020790359482838,23.02635465239033,1007.7633905217062,High,DANGER
zone1,27.748426159800704,12.457241499806422,1016.4050818086756,High,SAFE
zone2,28.111449824577388,19.358616534070073,1010.339277552637,High,DANGER
zone2,30.188383036941897,23.287624103034805,1014.2638683756111,High,WARNING
zone3,24.61507074057036,23.21357215450273,1012.4236640864724,Low,SAFE
zone2,31.059100638921226,24.219207542352848,1005.7682167250456,High,SAFE
zone2,27.683984202842023,36.13711269058647,1006.7822508384127,Low,DANGER
zone3,27.14623786010516,24.535343015139798,1015.1498040879057,Medium,DANGER
zone2,25.975791249479666,17.558433647093512,1008.3261233394672,Low,DANGER
zone2,24.690286656268462,29.64087168288357,1007.98175768379,Low,WARNING
zone2,29.64634116792383,31.894704889246405,1005.2243871032532,High,WARNING
zone1,28.146635934376807,7.723921848630075,1012.1179953279673,High,SAFE
zone1,25.420078200517892,25.97400069849858,1020.3126245962158,Medium,DANGER
zone1,25.409842455872766,27.011727423108983,1004.6623354287286,Medium,WARNING
zone3,27.328430601419743,17.024364966400082,1010.1210972833638,Medium,DANGER
zone5,31.338043050578786,33.75706813311619,1017.0611027770772,Low,DANGER
zone2,27.48081729727279,18.499444129674732,1009.6017930437714,Medium,SAFE
zone2,24.99371409376379,21.25576453471542,1012.2618589812487,Low,SAFE
zone3,27.50851387182811,18.269281757161306,1004.6880323592655,Low,DANGER
zone2,27.45455286050466,20.155790475814676,1012.1415354860383,Low,DANGER
zone1,22.606226714116858,9.037249131047982,1009.0642786749772,High,SAFE
zone5,27.891410266964375,5.599491174057057,1014.9286499783993,High,SAFE
zone4,27.538130939582643,35.94505063224972,1015.9369302578237,High,DANGER
zone2,29.392412729626837,11.530386516816723,1022.947818210093,High,SAFE
zone1,31.69791218989069,10.086076505436928,1012.8981658660679,High,SAFE
zone4,30.253130059095515,-1.533901136037148,1011.6289815829108,High,SAFE
zone5,27.46222261889034,13.610382523104978,1010.9719215078867,High,SAFE
zone4,25.78694818251666,6.769102065925017,1008.2341685359465,High,SAFE
zone1,33.14671960649972,36.42015160136369,1011.6924192173085,Medium,DANGER
zone4,28.118436868028976,30.098170893426342,1008.5229929493048,Medium,SAFE
zone3,28.027858583825893,13.118496548222762,1010.8423048813481,High,SAFE
zone4,27.951749825779995,42.52435805344309,1016.5879876780398,Low,DANGER
zone2,28.39616952153571,29.81765486991594,1004.9672871736018,Medium,DANGER
zone2,27.711279176152114,16.751686164913774,1015.6993928056452,Medium,SAFE
zone3,26.85267598623953,-4.994057148735731,1016.5855753366993,High,SAFE
zone1,26.906282117519215,42.90942572590742,1009.4096573650446,Medium,DANGER
zone2,27.934493459568003,6.10427533236404,999.390725504957,High,SAFE
zone5,26.91315045773247,3.5460125304310814,1006.9608900645278,High,SAFE
zone2,26.574308434645673,30.225704320096405,1016.4849727328055,High,WARNING
zone2,28.212860455383794,44.39752406339273,1009.8856596885056,Low,DANGER
zone1,27.49004556515829,33.84272818510518,1005.0034888385254,Low,SAFE
zone4,31.007985977165376,25.639091200523595,1007.4761253938589,Medium,SAFE
zone2,22.698060383213978,25.94754341665286,1014.2031001325228,Low,SAFE
zone3,30.183013703844924,28.534155587803077,1012.7336678410069,Low,WARNING
zone4,30.49217038499526,27.58928589786765,1008.8053395041516,Low,WARNING
zone5,23.8532195351837,22.811914239693756,1008.1658779409265,Medium,SAFE
zone1,27.314624811839302,21.042011039518762,1008.0412092547809,Medium,SAFE
zone5,27.257118268008416,19.374068721004775,1005.3879490775075,Low,WARNING
zone4,25.18497661056436,12.460354111333238,1018.0768784473472,High,SAFE
zone4,26.44436662481825,17.19324923133226,1008.3883976539433,Medium,DANGER
zone4,25.778848309068344,3.0704318580461454,1016.0857926041275,High,SAFE
zone5,31.504540886847245,19.016603732052502,1017.6065802596122,Low,SAFE
zone4,29.87135678629492,10.114088928490826,1014.9915544907398,High,SAFE
zone5,30.54311018998832,8.96410682784229,1007.8418984364098,High,SAFE
zone4,29.44334412808647,21.798941511534785,1012.018650451683,High,DANGER
zone3,25.74189645756554,33.92002286344599,1009.8790219680454,High,WARNING
zone4,26.950959467440452,29.18316606002313,1005.4814906963494,High,DANGER
zone5,28.978749122455834,4.2949939637682295,1011.621796408608,High,SAFE
zone2,25.55574438221611,10.103718634296625,1004.1048010442009,High,SAFE
zone4,29.425996860344775,29.407711879882157,1015.9383969423078,High,DANGER
zone2,27.51934920368373,10.175126064616904,1007.676913513508,High,SAFE
zone3,27.250358384900807,17.753668500029754,1011.0057982793642,Low,SAFE
zone1,29.421919936406983,25.50052099024552,1011.4164393577307,High,SAFE
zone3,28.88852662297208,10.316555451363648,1008.7054751314796,High,SAFE
zone4,27.27806766836184,21.053755061459597,1012.9334690073764,High,DANGER
zone2,30.318659606728495,6.659745050817955,1007.6254817168874,High,SAFE
zone2,25.837873344800204,13.986323560487863,1014.3564864872862,High,SAFE
zone5,29.231871213888528,23.19781934142537,1003.2701015987662,Low,WARNING
zone2,29.186202515936767,4.070062664683308,1010.6318978977321,High,SAFE
zone5,27.38090712137202,24.40474737960399,1019.6946449952915,Low,SAFE
zone1,28.652266044484236,19.80362201073319,1004.9983433769721,Low,SAFE
zone4,25.497772847229395,25.524899544171475,1006.6112751473757,Medium,DANGER
zone5,29.848054038413803,22.239141340646615,1012.5695392482946,Medium,DANGER
zone1,27.63019572711402,33.64140429973844,1010.897908909698,Medium,WARNING
zone2,26.95455395896192,21.252245026479073,1011.7531504963678,Medium,SAFE
zone2,30.098018451673777,15.705944588747471,1012.4459356507383,Medium,WARNING
zone1,26.591312618914483,21.22297503032284,1013.1736073428089,Medium,DANGER
zone2,25.18307740727288,25.43298029036388,1015.5484992097811,Medium,DANGER
zone1,24.886741652952193,20.488600703257042,1012.0490932846426,Medium,WARNING
zone5,29.212019902691278,20.405916912038823,1008.7937117269073,High,DANGER
zone5,25.439141295007435,12.980083121932447,1013.3628685060137,High,SAFE
zone1,31.509588363968728,13.37099082449052,1019.499409674476,High,SAFE
zone5,23.836141184232556,5.973947282003065,1009.3368312680872,High,SAFE
zone5,31.392912736580076,37.495767431869396,1005.1273534766468,Low,DANGER
zone5,28.422034934405236,7.561367646087149,1015.5354033464349,High,SAFE
zone3,27.806573776259214,13.070948022040927,1009.398094180232,High,SAFE
zone4,26.9101618263821,12.815927344308026,999.1366522699299,High,SAFE
zone2,28.798272228704143,28.949243769444415,1014.2371083857521,Medium,DANGER
zone3,27.924730595150304,17.050503217079722,1007.3233590702304,Low,WARNING
zone5,30.206603764033044,32.477420726737336,1009.5473335884792,Low,WARNING
zone1,28.22845529732408,13.265093757561315,1011.6599016528451,High,SAFE
zone5,28.300603522923755,22.78994162223802,1010.9524983988954,Medium,WARNING
zone4,27.27277557557229,11.646529467402427,1013.5472590856951,High,SAFE
zone5,27.886108752557867,41.45149127773388,1007.8225681471508,Medium,DANGER
zone1,28.615603537784118,8.124015809704872,1012.5655289908805,High,SAFE
zone4,24.57966321468675,23.098207102270276,1008.7022666120804,Low,SAFE
zone5,25.303629155788574,26.337768809320984,1013.6940524044376,High,DANGER
zone4,29.48652818804543,24.137990974514985,1013.0768374200653,High,WARNING
zone2,28.341730876255884,18.147123411222918,1005.322806489777,Low,WARNING
zone2,27.632033327294643,18.701793002665738,1015.4299105808751,High,SAFE
zone5,28.036867866130788,20.438114719791095,1007.3201827744298,Low,SAFE
zone4,28.695163410723342,18.529979983715116,1014.0402889914058,High,DANGER
zone1,26.920480639381278,29.638791167949098,1011.8364365670067,Medium,SAFE
zone5,26.443390549195374,42.10523001591351,1019.1909183839756,High,DANGER
zone2,28.391690510195364,14.425082149921664,1008.8826700881407,High,SAFE
zone2,26.043254444769936,6.301970204209223,1008.253416019409,High,SAFE
zone5,28.816505511428943,19.11717951648745,1009.9029019705613,Medium,WARNING
zone4,24.59483279152432,45.79709337654319,1008.4841010858286,Medium,DANGER
zone2,30.058311274651288,11.963254320302692,1013.9997095097102,High,SAFE
zone4,28.945194964826086,36.391168054440676,1001.9184469578171,Low,DANGER
zone2,28.51205946862775,36.77700814076441,1004.7315879042683,Medium,DANGER
zone2,29.965381967891027,14.464117582920053,1004.6609853921041,High,SAFE
zone3,31.330948888925153,25.689830791852753,1014.7515379598678,Medium,SAFE
zone2,30.02874013003626,36.283966231285376,1018.5530668629096,High,DANGER
zone1,24.31825153733671,16.208722590125127,1009.4777539073126,High,DANGER
zone5,25.440846066528596,17.964196398976384,1009.1558913840499,High,WARNING
zone5,26.75036284460864,14.183190860513562,1010.3502608155659,High,SAFE
zone4,28.052182100421668,9.852432693071332,1015.809391513041,High,SAFE
zone2,29.035318040938247,13.507224549339929,1005.3632343290471,High,SAFE
zone1,26.548512373693068,7.760597332377435,1011.1918449136739,High,SAFE
zone4,28.373533528954155,20.34083468259226,1014.8759881489121,Low,SAFE
zone3,26.489234135293355,12.300267689413582,1012.5054708496992,High,SAFE
zone4,26.776964394016105,22.337859117907477,1010.9479080829938,Low,DANGER
zone4,25.186677806303557,4.441043537963727,1015.0052304628357,High,SAFE
zone2,26.153533507778192,23.308802322144572,996.4838385350038,Medium,DANGER
zone3,25.29663078876733,28.33528961608925,1013.3893765976545,Low,SAFE
zone4,26.048253494045333,0.06264357428544542,1006.7296215843629,High,SAFE
zone1,30.10728359321568,23.74056569847572,1000.8468355157178,High,SAFE
zone1,26.101202222336113,32.27668992473292,1012.5560129976249,Low,SAFE
zone5,33.26476412967478,7.903589813087946,1016.8682927258147,High,SAFE
zone3,28.98663580176178,36.72572386837703,1009.3127574268616,Medium,DANGER
zone3,28.369672247389747,24.19019009366045,1014.7643727360147,Low,SAFE
zone5,26.283284439637573,12.949881442415911,1018.0613912899432,High,SAFE
zone4,29.40061975881798,19.44230922342294,1016.5745722679202,High,SAFE
zone3,26.848724347524453,25.583269125217225,1018.199822646857,Medium,SAFE
zone1,28.244019629290722,20.760053914124114,1013.7106374553595,Low,WARNING
zone1,33.12016907653759,25.38755992446369,1010.3771681945079,Medium,WARNING
zone2,27.8078802005507,10.793264069206337,1001.9901709405142,High,SAFE
zone3,30.298546652571353,21.69360824036078,1008.7696875593502,High,DANGER
zone4,26.593647149748225,5.8628550309501986,1005.783767023419,High,SAFE
zone5,27.930023019006075,18.887739386512997,1020.8547135874891,High,DANGER
zone5,31.54160127127102,10.960923585352102,1009.1205709378384,High,SAFE
zone4,26.746065884424464,12.644700574102334,1010.6160240339224,High,SAFE
zone2,31.624897115993857,32.36093175210438,1012.7574268802024,Low,SAFE
zone5,29.41550387091095,30.913101205942688,1010.2180122318623,Low,DANGER
zone3,26.875066448211463,26.09138120907177,1018.4752552021538,High,SAFE
zone2,29.264815478111043,9.07687235327421,1006.8867531913278,High,SAFE
zone3,29.94510889925346,16.835915503051982,1010.9730372761862,Low,DANGER
zone1,29.24361992443439,32.130976999791834,1006.2876470715098,High,WARNING
zone2,24.859550560219088,21.417169136399046,1003.3998874438964,High,DANGER
zone5,26.545725648350263,43.19329539981695,1006.9411545454735,High,DANGER
zone2,27.50496272889699,23.93317839394372,1009.814816014758,Low,SAFE
zone2,27.851133141799906,21.920491164900316,1007.8534888774137,High,DANGER
zone2,29.241344195101355,16.908835357974986,1006.5378951006307,Low,DANGER
zone2,28.35540200186651,21.33540904782282,1002.9684126816409,High,DANGER
zone3,25.3293112825798,18.475301636194562,1009.5844721368566,Medium,WARNING
zone1,28.760395702011927,27.081086766885903,1002.4763981298449,High,WARNING
zone4,29.221171490567645,29.56702316794584,1013.800279818448,High,SAFE
zone2,29.11958089586208,12.140105394920505,1010.4121987646726,High,SAFE
zone5,30.161561451109243,6.687670464422219,1002.7122425026754,High,SAFE
zone2,29.66784430909781,1.6379462689670348,1008.4539546147507,High,SAFE
zone5,28.918360158456874,25.079913269125438,1006.2392179720471,Medium,DANGER
zone3,27.859668577082704,8.966333938261265,1011.5958725520959,High,SAFE
zone5,24.678078132968018,-1.5289059295248286,1016.7022522301157,High,SAFE
zone4,28.85923643826517,23.88578604530964,1000.6241376517713,Medium,DANGER
zone1,28.41537537432622,44.92999517432791,1010.5751303957371,Low,DANGER
zone5,28.54315767439075,19.939290884601068,1009.1993360221668,High,SAFE
zone5,25.44650284835938,28.38490774451642,1013.3567003822524,Low,SAFE
zone1,25.837886919183475,20.81829358547565,1011.0659831411884,Low,SAFE
zone4,30.106305706665808,19.011103468088574,1006.2401533413059,Medium,DANGER
zone2,27.92088969228669,29.190764829877686,1008.4047303216669,Medium,SAFE
zone5,29.36300139474525,17.097254558113487,1006.0198707159825,Low,SAFE
zone1,28.05663675226092,22.67392314071903,1015.380035692993,High,SAFE
zone3,28.05951227899149,23.216978061960138,1010.1065582433597,Low,DANGER
zone1,29.876567611951995,13.319095463569512,1019.505953428765,High,SAFE
zone3,26.967910543565253,29.920423495365227,1009.6966959309269,High,SAFE
zone4,28.192241553881967,18.250402433045913,1006.4579661654477,Medium,WARNING
zone2,27.075449422589916,12.442548405071552,1002.4314280369358,High,SAFE
zone1,27.13100754513537,25.365098435704034,1000.9843016187202,High,DANGER
zone5,27.38165575306272,11.015320182089628,1002.0793202849726,High,SAFE
zone4,28.444267543267426,20.281811573691282,1011.3356332550575,Medium,DANGER
zone1,27.042502756673045,19.908810033557966,1012.5436251161497,High,WARNING
zone5,30.511512251147042,30.85895565831578,1002.0940464898393,High,SAFE
zone1,26.210785395560993,24.74698232879953,1014.4751915703806,Medium,DANGER
zone3,27.626256711677282,19.749730412548562,1007.5846947415828,Low,DANGER
zone1,27.12053788345165,28.177662992002872,1010.7339650599278,Medium,WARNING
zone1,30.893955768707464,33.90207549017313,1018.0611031412772,Medium,WARNING
zone1,28.393109553023148,25.578103063518622,1014.4841965793277,High,DANGER
